id,email
225,Estell
387,Renae
437,Tani
292,Eve
868,Dorene
724,Christian
143,Kate
637,Latisha
380,Aryn
466,Merrie
223,Gilligan
903,Lucille
390,Petronia
406,Eadie
691,Lily
707,Brooks
652,Tarra
198,Coral
432,Joleen
839,Marita
697,Gui
527,Karly
454,Farrah
111,Betta
323,Fernande
745,Bobinette
127,Gerrie
412,Annecorinne
979,Valli
663,Delilah
486,Brandise
891,Abbie
127,Jordan
652,Tani
772,Clo
902,Phylis
805,Maye
45,Renae
31,Gilligan
547,Talya
378,Carol-Jean
805,Neila
295,Camile
615,Fayre
112,Marylou
236,June
357,Ofilia
236,Madelle
402,Roberta
643,Ernesta
96,Siana
918,Ida
126,Renae
683,Livvyy
721,Madeleine
334,Allyce
643,Penelopa
488,Giustina
104,Vonny
746,Jaclyn
879,Cyb
844,Philis
953,Florencia
845,Alleen
156,Daryl
314,Cherilyn
58,Libbie
123,Debee
270,Abbie
734,Tamqrah
968,Blinni
1000,Heida
534,Lizzie
79,Edyth
397,Ilse
606,Cyndie
988,Heida
291,Genevra
210,Keelia
66,Sharai
851,Heddie
330,Abbie
140,Esmeralda
590,Arlina
361,Alejandra
948,Amalie
526,Christian
603,Bettine
411,Laure
4,Daune
965,Queenie
859,Valeda
167,Lesly
825,Petronia
529,Cam
339,Lisette
937,Steffane
363,Kristan
225,Corene
270,Caressa